{
    "train_loss": [
        0.38315496122837067,
        0.07771590733528137,
        0.05803974078595638,
        0.052783177644014356,
        0.048087947964668275,
        0.04482941254973412,
        0.04295474265515804,
        0.04201412582397461,
        0.03989502591639757,
        0.038472953222692015,
        0.03735855784267187,
        0.03771357023715973,
        0.03673775804042816,
        0.0390249218121171,
        0.035422809049487115,
        0.03366215020418167,
        0.03277478653937578,
        0.03231837805360556,
        0.03171215219795704,
        0.03135647799819708,
        0.03090071342885494,
        0.03088017002493143,
        0.030312416650354862,
        0.029587414011359215,
        0.02939818236231804,
        0.029330181509256363,
        0.028998710669577123,
        0.02878438112139702,
        0.028297214724123478,
        0.028013391323387624,
        0.02768432753533125,
        0.027472883380949498,
        0.027423986092209817,
        0.027155613161623477,
        0.02683066441118717,
        0.03385666694492102,
        0.02920530852675438,
        0.027041608572006225,
        0.02628715916723013,
        0.025638539895415306
    ],
    "val_loss": [
        0.10922300389834813,
        0.06397366576961108,
        0.05672203164015498,
        0.05284432641097477,
        0.05113367736339569,
        0.050275345998150964,
        0.05076521315744945,
        0.049632902656282694,
        0.05069597491196224,
        0.04905899401221957,
        0.051238157387290685,
        0.049709993813719065,
        0.07503372111490794,
        0.05048603670937674,
        0.05057756815637861,
        0.04940936288663319,
        0.049744313316685815,
        0.050509062728711536,
        0.050983943577323644,
        0.05036659751619611,
        0.04887376033834049,
        0.04941648457731519,
        0.05171308772904532,
        0.04815755731293133,
        0.05017878647361483,
        0.05060235144836562,
        0.0503255905849593,
        0.05114277931196349,
        0.04965920852763312,
        0.05071003894720759,
        0.05294334622366088,
        0.05101482357297625,
        0.05185668542981148,
        0.04988676416022437,
        0.051517266780138016,
        0.04906175711325237,
        0.049326234630176,
        0.04846565957580294,
        0.050005214022738595,
        0.050503109714814594
    ],
    "sky_iou": [
        0.7809432319232396,
        0.8012306264468602,
        0.8435547522136143,
        0.8601613981383187,
        0.8661269290106637,
        0.8697356155940464,
        0.8659050720078605,
        0.8628624507359096,
        0.8341325862067086,
        0.8700114744050162,
        0.8518218312944684,
        0.8656742828232902,
        0.7675356098583767,
        0.8557358384132385,
        0.8647565756525312,
        0.8733156067984444,
        0.8606837732451302,
        0.8602154765810285,
        0.8620414478438241,
        0.8659460970333644,
        0.8716928533145359,
        0.8691144415310451,
        0.8647706508636475,
        0.8739102738244193,
        0.8710642457008362,
        0.8684843012264797,
        0.8707736815725055,
        0.8723081690924508,
        0.8742076413972037,
        0.8598631279809135,
        0.869922970022474,
        0.8688693557466779,
        0.8695427605084011,
        0.876146308013371,
        0.8747671501977103,
        0.8695372768810817,
        0.8798202105930873,
        0.8757651959146772,
        0.8748852780887059,
        0.8727832692010062
    ],
    "sky_acc": [
        0.9938271386282784,
        0.9946411677769252,
        0.9957986559186663,
        0.9961543764386859,
        0.9964504241943359,
        0.9964404787336077,
        0.9962843486240932,
        0.9963137762887138,
        0.9958925247192383,
        0.9964520590645927,
        0.9958150046212333,
        0.9963787623814174,
        0.9936453955514091,
        0.9961621420724052,
        0.9963382993425641,
        0.9965809413364956,
        0.996267454964774,
        0.9961907523018974,
        0.9962779453822544,
        0.9964199066162109,
        0.996612685067313,
        0.9965343475341797,
        0.9963421140398298,
        0.9966645921979632,
        0.9965927941458566,
        0.9964462007795062,
        0.996556145804269,
        0.9965650013514927,
        0.9967068263462612,
        0.9964389801025391,
        0.996509279523577,
        0.9965750830514091,
        0.9964772633143834,
        0.9967246736798968,
        0.9966790335518974,
        0.9964489255632673,
        0.9967779432024274,
        0.996703965323312,
        0.9966675894601005,
        0.9965892519269671
    ],
    "depth_mae": [
        0.04318293822663171,
        0.03666962257453373,
        0.03600718852664743,
        0.03382311894425324,
        0.03360810929111072,
        0.033253527379461696,
        0.03391180506774357,
        0.03323873371950218,
        0.033215600198933055,
        0.0326190356697355,
        0.03279848503214972,
        0.033060694113373756,
        0.0458737388253212,
        0.033746304522667615,
        0.034102647964443476,
        0.03302915287869317,
        0.031319860102874894,
        0.03208062531692641,
        0.03181004391184875,
        0.03220596457166331,
        0.03163507687194007,
        0.030473276174494197,
        0.03292191933308329,
        0.0308513447110142,
        0.03283467596130712,
        0.030161022075584958,
        0.03078692060496126,
        0.03124975146991866,
        0.031173794397286007,
        0.03100027090736798,
        0.03351013122924736,
        0.03162434484277453,
        0.0309050657919475,
        0.030869240207331523,
        0.03066797288400786,
        0.03196723626128265,
        0.03259620043848242,
        0.030783748254179955,
        0.03087912260421685,
        0.03100734150835446
    ],
    "depth_rmse": [
        0.07788115314074925,
        0.08663893810340337,
        0.08223627507686615,
        0.08170342977557864,
        0.08127317684037345,
        0.08185597615582603,
        0.08461949867861611,
        0.08389288932085037,
        0.08320339024066925,
        0.08451515116861888,
        0.08301298000982829,
        0.08486315714461463,
        0.08985621907881328,
        0.08215724570410592,
        0.08482345938682556,
        0.08489258374486651,
        0.08206277447087425,
        0.08538305120808738,
        0.08349617677075523,
        0.0841189633522715,
        0.08329204895666667,
        0.08070421005998339,
        0.08475365489721298,
        0.08123114598648888,
        0.08545126340218953,
        0.07841981947422028,
        0.08025762332337243,
        0.08266538168702807,
        0.08271264710596629,
        0.08241147547960281,
        0.0854082607797214,
        0.08594622250114169,
        0.08165173551865987,
        0.08304343159709658,
        0.08177537045308522,
        0.08413937794310707,
        0.08283485046454839,
        0.08310231140681676,
        0.08340839190142495,
        0.08354838298899787
    ],